beta_cap_A,beta_cap_B,capability_gap,mean_capability,agg_A_eq,agg_B_eq,win_rate_A_eq,equilibrium_kind
0.6,0.6,0.0,0.6,0.6565217391304348,0.3521739130434782,0.6,cycle_mean
0.6,0.6666666666666666,-0.06666666666666665,0.6333333333333333,0.6260869565217391,0.5043478260869565,0.5,cycle_mean
0.6,0.7333333333333333,-0.1333333333333333,0.6666666666666666,0.2608695652173913,0.3826086956521739,0.5,cycle_mean
0.6,0.8,-0.20000000000000007,0.7,0.41304347826086957,0.29130434782608694,0.5,cycle_mean
0.6,0.8666666666666667,-0.2666666666666667,0.7333333333333334,0.2608695652173913,0.4434782608695652,0.6,cycle_mean
0.6,0.9333333333333333,-0.33333333333333337,0.7666666666666666,0.47391304347826085,0.23043478260869565,0.5,cycle_mean
0.6,1.0,-0.4,0.8,0.4434782608695652,0.32173913043478264,0.3,cycle_mean
0.6666666666666666,0.6,0.06666666666666665,0.6333333333333333,0.6869565217391305,0.5652173913043479,0.5,cycle_mean
0.6666666666666666,0.6666666666666666,0.0,0.6666666666666666,0.5652173913043479,0.6565217391304348,0.5,cycle_mean
0.6666666666666666,0.7333333333333333,-0.06666666666666665,0.7,0.5956521739130435,0.5956521739130435,0.7,cycle_mean
0.6666666666666666,0.8,-0.13333333333333341,0.7333333333333334,0.4434782608695652,0.4434782608695652,0.6,cycle_mean
0.6666666666666666,0.8666666666666667,-0.20000000000000007,0.7666666666666666,0.3521739130434782,0.5043478260869565,0.5,cycle_mean
0.6666666666666666,0.9333333333333333,-0.2666666666666667,0.8,0.5043478260869565,0.41304347826086957,0.5,cycle_mean
0.6666666666666666,1.0,-0.33333333333333337,0.8333333333333333,0.3521739130434782,0.41304347826086957,0.5,cycle_mean
0.7333333333333333,0.6,0.1333333333333333,0.6666666666666666,0.3826086956521739,0.5043478260869565,0.5,cycle_mean
0.7333333333333333,0.6666666666666666,0.06666666666666665,0.7,0.5652173913043479,0.5652173913043479,0.5,cycle_mean
0.7333333333333333,0.7333333333333333,0.0,0.7333333333333333,0.6869565217391305,0.4434782608695652,0.7,cycle_mean
0.7333333333333333,0.8,-0.06666666666666676,0.7666666666666666,0.5347826086956522,0.4434782608695652,0.6,cycle_mean
0.7333333333333333,0.8666666666666667,-0.13333333333333341,0.8,0.5043478260869565,0.41304347826086957,0.5,cycle_mean
0.7333333333333333,0.9333333333333333,-0.20000000000000007,0.8333333333333333,0.3521739130434782,0.5956521739130435,0.4,cycle_mean
0.7333333333333333,1.0,-0.2666666666666667,0.8666666666666667,0.3826086956521739,0.3826086956521739,0.5,cycle_mean
0.8,0.6,0.20000000000000007,0.7,0.6869565217391305,0.32173913043478264,0.8,cycle_mean
0.8,0.6666666666666666,0.13333333333333341,0.7333333333333334,0.29130434782608694,0.5652173913043479,0.5,cycle_mean
0.8,0.7333333333333333,0.06666666666666676,0.7666666666666666,0.6869565217391305,0.47391304347826085,0.5,cycle_mean
0.8,0.8,0.0,0.8,0.41304347826086957,0.41304347826086957,0.5,cycle_mean
0.8,0.8666666666666667,-0.06666666666666665,0.8333333333333334,0.23043478260869565,0.29130434782608694,0.5,cycle_mean
0.8,0.9333333333333333,-0.1333333333333333,0.8666666666666667,0.47391304347826085,0.5347826086956522,0.6,cycle_mean
0.8,1.0,-0.19999999999999996,0.9,0.47391304347826085,0.5347826086956522,0.5,cycle_mean
0.8666666666666667,0.6,0.2666666666666667,0.7333333333333334,0.47391304347826085,0.41304347826086957,0.5,cycle_mean
0.8666666666666667,0.6666666666666666,0.20000000000000007,0.7666666666666666,0.6565217391304348,0.5347826086956522,0.6,cycle_mean
0.8666666666666667,0.7333333333333333,0.13333333333333341,0.8,0.5347826086956522,0.808695652173913,0.5,cycle_mean
0.8666666666666667,0.8,0.06666666666666665,0.8333333333333334,0.47391304347826085,0.47391304347826085,0.5,cycle_mean
0.8666666666666667,0.8666666666666667,0.0,0.8666666666666667,0.32173913043478264,0.41304347826086957,0.4,cycle_mean
0.8666666666666667,0.9333333333333333,-0.06666666666666665,0.9,0.23043478260869565,0.29130434782608694,0.5,cycle_mean
0.8666666666666667,1.0,-0.1333333333333333,0.9333333333333333,0.3521739130434782,0.29130434782608694,0.7,cycle_mean
0.9333333333333333,0.6,0.33333333333333337,0.7666666666666666,0.4434782608695652,0.41304347826086957,0.5,cycle_mean
0.9333333333333333,0.6666666666666666,0.2666666666666667,0.8,0.41304347826086957,0.5043478260869565,0.5,cycle_mean
0.9333333333333333,0.7333333333333333,0.20000000000000007,0.8333333333333333,0.3826086956521739,0.32173913043478264,0.5,cycle_mean
0.9333333333333333,0.8,0.1333333333333333,0.8666666666666667,0.5043478260869565,0.41304347826086957,0.5,cycle_mean
0.9333333333333333,0.8666666666666667,0.06666666666666665,0.9,0.29130434782608694,0.2,0.5,cycle_mean
0.9333333333333333,0.9333333333333333,0.0,0.9333333333333333,0.29130434782608694,0.29130434782608694,0.5,cycle_mean
0.9333333333333333,1.0,-0.06666666666666665,0.9666666666666667,0.3521739130434782,0.2608695652173913,0.5,cycle_mean
1.0,0.6,0.4,0.8,0.41304347826086957,0.32173913043478264,0.6,cycle_mean
1.0,0.6666666666666666,0.33333333333333337,0.8333333333333333,0.3521739130434782,0.47391304347826085,0.8,cycle_mean
1.0,0.7333333333333333,0.2666666666666667,0.8666666666666667,0.3826086956521739,0.5043478260869565,0.5,cycle_mean
1.0,0.8,0.19999999999999996,0.9,0.5043478260869565,0.41304347826086957,0.7,cycle_mean
1.0,0.8666666666666667,0.1333333333333333,0.9333333333333333,0.5347826086956522,0.6260869565217391,0.5,cycle_mean
1.0,0.9333333333333333,0.06666666666666665,0.9666666666666667,0.3521739130434782,0.5652173913043479,0.5,cycle_mean
1.0,1.0,0.0,1.0,0.5347826086956522,0.41304347826086957,0.4,cycle_mean
